{
    "checks": {
        "Km_has_floor": true,
        "finite_dF_de": true,
        "delta_near_zero": true,
        "Kh_has_floor": true
    },
    "Ts_balance": 284.8653018659025,
    "F_at_balance": 0.0006759176554229612,
    "Kh_floor_expected": 2.7194842065478616e-5,
    "dF_de_at_e0": 3.3789638654835286,
    "Km_at_e0": 1.3412387343048106e-6,
    "C_H": 0.0027194842065478616,
    "Kh_at_e0": 2.7194842065478616e-5,
    "Km_floor_expected": 1.3412387343048106e-6,
    "gamma": 0.00013412387343048106,
    "delta_balance": 3.365363543395006e-16
}