{
    "checks": {
        "Km_has_floor": true,
        "finite_dF_de": true,
        "delta_near_zero": true,
        "Kh_has_floor": true
    },
    "Ts_balance": 285.008768084303,
    "F_at_balance": -6.666666666476716e-8,
    "Kh_floor_expected": 3.0228022566151743e-5,
    "dF_de_at_e0": -0.0009999958332457034,
    "Km_at_e0": 8.285571798349419e-7,
    "C_H": 0.003022802256615174,
    "Kh_at_e0": 3.0228022566151743e-5,
    "Km_floor_expected": 8.285571798349419e-7,
    "gamma": 8.285571798349418e-5,
    "delta_balance": 1.8995222061946038e-16
}